season,mnth,holiday,weekday,workingday,weathersit,temp,humidity,windspeed,casual,registered,count

1,1,0,0,0,1,0.5609756097560976,0.12,0.1791044776119403,2340,4383,6723
3,2,1,0,0,1,0.5121951219512195,0.12,0.1791044776119403,2122,3937,6059
2,1,1,0,0,1,0.5609756097560976,0.12,0.1791044776119403,2347,4379,6726
3,2,1,1,1,1,0.5609756097560976,0.12,0.1791044776119403,2331,4368,6699
2,2,1,0,0,2,1.0975609756097562,0.39,0.29850746268656714,894,4550,5444
